{"cameraMode":{"drawMode":0,"name":"Shaded","section":"Shading Mode"},"sceneLighting":true,"audioPlay":false,"sceneViewState":{"showFog":true,"showMaterialUpdate":true,"showSkybox":true,"showFlares":true,"showImageEffects":true,"showParticleSystems":true},"in2DMode":false,"pivot":{"x":-2.970630407333374,"y":-3.9887142181396486,"z":-16.490337371826173},"rotation":{"x":-0.009226021356880665,"y":0.9875670075416565,"z":-0.14351308345794679,"w":-0.06348815560340882},"size":22.0,"orthographic":false}