{"cameraMode":{"drawMode":0,"name":"Shaded","section":"Shading Mode"},"sceneLighting":true,"audioPlay":false,"sceneViewState":{"showFog":true,"showMaterialUpdate":true,"showSkybox":true,"showFlares":true,"showImageEffects":true,"showParticleSystems":true},"in2DMode":false,"pivot":{"x":1.1916526556015015,"y":1.5847305059432984,"z":-4.006985187530518},"rotation":{"x":-0.18480901420116425,"y":0.7533977031707764,"z":-0.23827208578586579,"w":-0.5843527317047119},"size":3.3693952560424806,"orthographic":false}